Word,Similarity
مشکل,0.9648818969726562
افسوس,0.9622622132301331
اچھی,0.960913896560669
ہمیں,0.959526002407074
مجھے,0.9595121145248413
